##CADD GRCh37-v1.6 (c) University of Washington, Hudson-Alpha Institute for Biotechnology and Berlin Institute of Health 2013-2020. All rights reserved.
#CHROM	POS	REF	ALT	RawScore	PHRED
15	75039233	T	C	-0.489683	0.095
15	75039612	AT	A	-0.263372	0.469
15	75039651	TAA	T	-0.832926	0.007
15	75039652	AA	A	-0.829114	0.007
15	75040032	AT	A	-0.419829	0.158
15	75040372	T	C	0.118742	4.572
15	75040433	C	T	0.058214	3.561
15	75040666	G	A	-0.053223	1.902
15	75040820	C	T	-0.066899	1.744
15	75040915	C	T	-0.072531	1.682
15	75040984	C	T	0.367229	8.035
15	75041021	C	T	-0.145783	1.034
15	75041027	C	T	0.076486	3.868
15	75041031	G	A	-0.047662	1.969
15	75041151	G	A	0.061256	3.612
15	75041225	A	C	0.169879	5.384
15	75041341	T	G	-0.055999	1.869
15	75041431	G	A	0.105960	4.361
15	75041746	G	A	-0.043015	2.027
15	75041747	G	A	0.044710	3.336
15	75041902	G	A	-0.034146	2.141
15	75041917	C	A	-0.524316	0.074
15	75041939	C	T	0.044261	3.329
15	75042459	C	T	1.213104	14.72
15	75042514	C	T	0.300331	7.215
15	75042589	G	A	0.256273	6.639
15	75042590	G	A	0.451630	8.934
15	75042670	C	T	0.262791	6.727
15	75043050	C	T	0.010109	2.778
15	75043104	C	T	-0.003042	2.578
15	75043105	C	T	-0.060284	1.819
15	75043151	G	A	0.004265	2.688
15	75043190	G	A	-0.080983	1.593
15	75043192	G	A	0.146264	5.016
15	75043281	C	T	-0.135177	1.111
15	75043579	G	A	-0.445519	0.131
15	75043830	C	T	-0.103578	1.373
15	75044091	C	T	0.008343	2.751
15	75044238	G	A	-0.029845	2.198
15	75044494	C	T	2.971602	23.5
15	75044518	C	T	3.532342	25.1
15	75044546	C	T	0.935076	12.97
15	75044558	C	T	3.574822	25.3
15	75044559	C	T	0.480941	9.222
15	75044788	G	A	-0.345905	0.266
15	75044849	C	T	0.394163	8.335
15	75045105	G	A	0.055915	3.523
15	75045117	C	T	0.193039	5.736
15	75045177	G	A	0.331825	7.617
15	75045211	CTT	C	0.013224	2.827
15	75045212	TT	T	0.016537	2.879
15	75045312	G	A	0.012095	2.809
15	75045607	G	A	3.281435	24.3
15	75045991	C	T	-0.007111	2.518
15	75046074	CAA	C	0.052227	3.461
15	75046075	AA	A	0.054971	3.507
15	75046140	G	A	-0.102779	1.381
15	75046218	G	A	0.130108	4.757
15	75046677	G	T	0.152634	5.116
15	75046733	C	T	-0.169622	0.880
15	75046768	C	CA	-0.204165	0.699
15	75046768	C	CAAAAAAAAA	-0.236285	0.564
15	75046942	CA	C	-0.297751	0.371
15	75047138	G	A	-0.301314	0.362
15	75047140	G	A	7.442193	38
15	75047191	C	T	1.061623	13.83
15	75047243	G	A	0.336577	7.675
15	75047333	G	A	-0.389183	0.196
15	75047426	C	T	-0.351354	0.256
15	75047600	A	G	-0.022755	2.294
15	75047632	C	T	0.139677	4.911
15	75047691	CA	C	-0.336067	0.285
15	75047733	C	CAT	-0.313975	0.332
15	75047789	C	CT	-0.234429	0.571
15	75048064	C	T	0.079506	3.919
15	75048462	GT	G	-0.188180	0.777
15	75048599	C	T	0.003262	2.673
15	75048683	C	T	-0.019830	2.335
15	75048684	C	T	-0.314392	0.331
15	75048738	G	A	-0.306340	0.350
